<?xml version="1.0" encoding="UTF-8"?>
<GenRun Id="impl_1" LaunchPart="xc7a100tcsg324-1" LaunchTime="1491331663">
  <File Type="PWROPT-DRC" Name="DispAlu4_drc_pwropted.rpt"/>
  <File Type="OPT-METHODOLOGY-DRC" Name="DispAlu4_methodology_drc_opted.rpt"/>
  <File Type="INIT-TIMING" Name="DispAlu4_timing_summary_init.rpt"/>
  <File Type="ROUTE-PWR-RPX" Name="DispAlu4_power_routed.rpx"/>
  <File Type="PA-TCL" Name="DispAlu4.tcl"/>
  <File Type="OPT-HWDEF" Name="DispAlu4.hwdef"/>
  <File Type="RDI-RDI" Name="DispAlu4.vdi"/>
  <File Type="OPT-DCP" Name="DispAlu4_opt.dcp"/>
  <File Type="OPT-DRC" Name="DispAlu4_drc_opted.rpt"/>
  <File Type="OPT-TIMING" Name="DispAlu4_timing_summary_opted.rpt"/>
  <File Type="PWROPT-DCP" Name="DispAlu4_pwropt.dcp"/>
  <File Type="PWROPT-TIMING" Name="DispAlu4_timing_summary_pwropted.rpt"/>
  <File Type="PLACE-DCP" Name="DispAlu4_placed.dcp"/>
  <File Type="PLACE-IO" Name="DispAlu4_io_placed.rpt"/>
  <File Type="PLACE-CLK" Name="DispAlu4_clock_utilization_placed.rpt"/>
  <File Type="PLACE-UTIL" Name="DispAlu4_utilization_placed.rpt"/>
  <File Type="PLACE-UTIL-PB" Name="DispAlu4_utilization_placed.pb"/>
  <File Type="PLACE-CTRL" Name="DispAlu4_control_sets_placed.rpt"/>
  <File Type="PLACE-SIMILARITY" Name="DispAlu4_incremental_reuse_placed.rpt"/>
  <File Type="PLACE-PRE-SIMILARITY" Name="DispAlu4_incremental_reuse_pre_placed.rpt"/>
  <File Type="PLACE-TIMING" Name="DispAlu4_timing_summary_placed.rpt"/>
  <File Type="POSTPLACE-PWROPT-DCP" Name="DispAlu4_postplace_pwropt.dcp"/>
  <File Type="POSTPLACE-PWROPT-TIMING" Name="DispAlu4_timing_summary_postplace_pwropted.rpt"/>
  <File Type="PHYSOPT-DCP" Name="DispAlu4_physopt.dcp"/>
  <File Type="PHYSOPT-DRC" Name="DispAlu4_drc_physopted.rpt"/>
  <File Type="PHYSOPT-TIMING" Name="DispAlu4_timing_summary_physopted.rpt"/>
  <File Type="ROUTE-ERROR-DCP" Name="DispAlu4_routed_error.dcp"/>
  <File Type="ROUTE-DCP" Name="DispAlu4_routed.dcp"/>
  <File Type="ROUTE-BLACKBOX-DCP" Name="DispAlu4_routed_bb.dcp"/>
  <File Type="ROUTE-DRC" Name="DispAlu4_drc_routed.rpt"/>
  <File Type="ROUTE-DRC-PB" Name="DispAlu4_drc_routed.pb"/>
  <File Type="BG-BIN" Name="DispAlu4.bin"/>
  <File Type="ROUTE-DRC-RPX" Name="DispAlu4_drc_routed.rpx"/>
  <File Type="BG-DRC" Name="DispAlu4.drc"/>
  <File Type="ROUTE-METHODOLOGY-DRC" Name="DispAlu4_methodology_drc_routed.rpt"/>
  <File Type="BITSTR-MSK" Name="DispAlu4.msk"/>
  <File Type="ROUTE-METHODOLOGY-DRC-RPX" Name="DispAlu4_methodology_drc_routed.rpx"/>
  <File Type="BG-BGN" Name="DispAlu4.bgn"/>
  <File Type="ROUTE-METHODOLOGY-DRC-PB" Name="DispAlu4_methodology_drc_routed.pb"/>
  <File Type="ROUTE-PWR" Name="DispAlu4_power_routed.rpt"/>
  <File Type="ROUTE-PWR-SUM" Name="DispAlu4_power_summary_routed.pb"/>
  <File Type="ROUTE-STATUS" Name="DispAlu4_route_status.rpt"/>
  <File Type="ROUTE-STATUS-PB" Name="DispAlu4_route_status.pb"/>
  <File Type="ROUTE-TIMINGSUMMARY" Name="DispAlu4_timing_summary_routed.rpt"/>
  <File Type="ROUTE-TIMING-PB" Name="DispAlu4_timing_summary_routed.pb"/>
  <File Type="ROUTE-TIMING-RPX" Name="DispAlu4_timing_summary_routed.rpx"/>
  <File Type="ROUTE-SIMILARITY" Name="DispAlu4_incremental_reuse_routed.rpt"/>
  <File Type="ROUTE-CLK" Name="DispAlu4_clock_utilization_routed.rpt"/>
  <File Type="POSTROUTE-PHYSOPT-DCP" Name="DispAlu4_postroute_physopt.dcp"/>
  <File Type="POSTROUTE-PHYSOPT-BLACKBOX-DCP" Name="DispAlu4_postroute_physopt_bb.dcp"/>
  <File Type="POSTROUTE-PHYSOPT-TIMING" Name="DispAlu4_timing_summary_postroute_physopted.rpt"/>
  <File Type="POSTROUTE-PHYSOPT-TIMING-PB" Name="DispAlu4_timing_summary_postroute_physopted.pb"/>
  <File Type="POSTROUTE-PHYSOPT-TIMING-RPX" Name="DispAlu4_timing_summary_postroute_physopted.rpx"/>
  <File Type="BG-BIT" Name="DispAlu4.bit"/>
  <File Type="BITSTR-RBT" Name="DispAlu4.rbt"/>
  <File Type="BITSTR-NKY" Name="DispAlu4.nky"/>
  <File Type="BITSTR-BMM" Name="DispAlu4_bd.bmm"/>
  <File Type="BITSTR-MMI" Name="DispAlu4.mmi"/>
  <File Type="BITSTR-SYSDEF" Name="DispAlu4.sysdef"/>
  <File Type="WBT-USG" Name="usage_statistics_webtalk.html"/>
  <FileSet Name="sources" Type="DesignSrcs" RelSrcDir="$PSRCDIR/sources_1">
    <Filter Type="Srcs"/>
    <File Path="$PSRCDIR/sources_1/imports/Cmps375/Adder1.vhd">
      <FileInfo>
        <Attr Name="ImportPath" Val="$PPRDIR/../Adder1/Adder1.srcs/sources_1/imports/Cmps375/Adder1.vhd"/>
        <Attr Name="ImportTime" Val="1491168495"/>
        <Attr Name="UsedIn" Val="synthesis"/>
        <Attr Name="UsedIn" Val="simulation"/>
      </FileInfo>
    </File>
    <File Path="$PSRCDIR/sources_1/new/Alu1.vhd">
      <FileInfo>
        <Attr Name="UsedIn" Val="synthesis"/>
        <Attr Name="UsedIn" Val="simulation"/>
      </FileInfo>
    </File>
    <File Path="$PSRCDIR/sources_1/new/Bin2Hex.vhd">
      <FileInfo>
        <Attr Name="UsedIn" Val="synthesis"/>
        <Attr Name="UsedIn" Val="simulation"/>
      </FileInfo>
    </File>
    <File Path="$PSRCDIR/sources_1/new/Alu4.vhd">
      <FileInfo>
        <Attr Name="UsedIn" Val="synthesis"/>
        <Attr Name="UsedIn" Val="simulation"/>
      </FileInfo>
    </File>
    <File Path="$PSRCDIR/sources_1/new/DispAlu4.vhd">
      <FileInfo>
        <Attr Name="UsedIn" Val="synthesis"/>
        <Attr Name="UsedIn" Val="simulation"/>
      </FileInfo>
    </File>
    <Config>
      <Option Name="DesignMode" Val="RTL"/>
      <Option Name="TopModule" Val="DispAlu4"/>
      <Option Name="TopAutoSet" Val="TRUE"/>
    </Config>
  </FileSet>
  <FileSet Name="constrs_in" Type="Constrs" RelSrcDir="$PSRCDIR/constrs_1">
    <Filter Type="Constrs"/>
    <File Path="$PSRCDIR/constrs_1/imports/new/DispAlu4.xdc">
      <FileInfo>
        <Attr Name="ImportPath" Val="$PPRDIR/../07 4-Bit ALU/DispAlu4/DispAlu4.srcs/constrs_1/new/DispAlu4.xdc"/>
        <Attr Name="ImportTime" Val="1491090752"/>
        <Attr Name="UsedIn" Val="synthesis"/>
        <Attr Name="UsedIn" Val="implementation"/>
      </FileInfo>
    </File>
    <Config>
      <Option Name="ConstrsType" Val="XDC"/>
    </Config>
  </FileSet>
  <Strategy Version="1" Minor="2">
    <StratHandle Name="Vivado Implementation Defaults" Flow="Vivado Implementation 2016"/>
    <Step Id="init_design"/>
    <Step Id="opt_design"/>
    <Step Id="power_opt_design"/>
    <Step Id="place_design"/>
    <Step Id="post_place_power_opt_design"/>
    <Step Id="phys_opt_design"/>
    <Step Id="route_design"/>
    <Step Id="post_route_phys_opt_design"/>
    <Step Id="write_bitstream"/>
  </Strategy>
</GenRun>
