<?xml version="1.0" encoding="UTF-8"?>
<GenRun Id="synth_1" LaunchPart="xc7a100tcsg324-1" LaunchTime="1491331589">
  <File Type="RDS-PROPCONSTRS" Name="DispAlu4_drc_synth.rpt"/>
  <File Type="PA-TCL" Name="DispAlu4.tcl"/>
  <File Type="RDS-RDS" Name="DispAlu4.vds"/>
  <File Type="RDS-UTIL" Name="DispAlu4_utilization_synth.rpt"/>
  <File Type="RDS-UTIL-PB" Name="DispAlu4_utilization_synth.pb"/>
  <File Type="RDS-DCP" Name="DispAlu4.dcp"/>
  <File Type="VDS-TIMINGSUMMARY" Name="DispAlu4_timing_summary_synth.rpt"/>
  <File Type="VDS-TIMING-PB" Name="DispAlu4_timing_summary_synth.pb"/>
  <FileSet Name="sources" Type="DesignSrcs" RelSrcDir="$PSRCDIR/sources_1">
    <Filter Type="Srcs"/>
    <File Path="$PSRCDIR/sources_1/imports/Cmps375/Adder1.vhd">
      <FileInfo>
        <Attr Name="ImportPath" Val="$PPRDIR/../Adder1/Adder1.srcs/sources_1/imports/Cmps375/Adder1.vhd"/>
        <Attr Name="ImportTime" Val="1491168495"/>
        <Attr Name="UsedIn" Val="synthesis"/>
        <Attr Name="UsedIn" Val="simulation"/>
      </FileInfo>
    </File>
    <File Path="$PSRCDIR/sources_1/new/Alu1.vhd">
      <FileInfo>
        <Attr Name="UsedIn" Val="synthesis"/>
        <Attr Name="UsedIn" Val="simulation"/>
      </FileInfo>
    </File>
    <File Path="$PSRCDIR/sources_1/new/Bin2Hex.vhd">
      <FileInfo>
        <Attr Name="UsedIn" Val="synthesis"/>
        <Attr Name="UsedIn" Val="simulation"/>
      </FileInfo>
    </File>
    <File Path="$PSRCDIR/sources_1/new/Alu4.vhd">
      <FileInfo>
        <Attr Name="UsedIn" Val="synthesis"/>
        <Attr Name="UsedIn" Val="simulation"/>
      </FileInfo>
    </File>
    <File Path="$PSRCDIR/sources_1/new/DispAlu4.vhd">
      <FileInfo>
        <Attr Name="UsedIn" Val="synthesis"/>
        <Attr Name="UsedIn" Val="simulation"/>
      </FileInfo>
    </File>
    <Config>
      <Option Name="DesignMode" Val="RTL"/>
      <Option Name="TopModule" Val="DispAlu4"/>
      <Option Name="TopAutoSet" Val="TRUE"/>
    </Config>
  </FileSet>
  <FileSet Name="constrs_in" Type="Constrs" RelSrcDir="$PSRCDIR/constrs_1">
    <Filter Type="Constrs"/>
    <File Path="$PSRCDIR/constrs_1/imports/new/DispAlu4.xdc">
      <FileInfo>
        <Attr Name="ImportPath" Val="$PPRDIR/../07 4-Bit ALU/DispAlu4/DispAlu4.srcs/constrs_1/new/DispAlu4.xdc"/>
        <Attr Name="ImportTime" Val="1491090752"/>
        <Attr Name="UsedIn" Val="synthesis"/>
        <Attr Name="UsedIn" Val="implementation"/>
      </FileInfo>
    </File>
    <Config>
      <Option Name="ConstrsType" Val="XDC"/>
    </Config>
  </FileSet>
  <Strategy Version="1" Minor="2">
    <StratHandle Name="Vivado Synthesis Defaults" Flow="Vivado Synthesis 2016"/>
    <Step Id="synth_design"/>
  </Strategy>
</GenRun>
